Subject,Session,Total,age,gender-categorical,gender-free-response,ethnicity,race,language,fluency,Demo-RT,Comp-Loops,difficulty,fun,clarity,strategy,feedback,Debrief-RT
0ubclurpshlgyru3cwo3stun,1,19.63,45,Female,,Not Hispanic or Latino,White,Yes,Very well,17.334109999996144,1,4,4,5,I just memorized which ones generally yielded the best results.,No,43.44252500000573
0ubclurpshlgyru3cwo3stun,2,17.01,,,,,,,,,1,4,4,5,I just memorized which ones generally yielded the best results.,No,18.757190000033006
0ubclurpshlgyru3cwo3stun,3,16.88,,,,,,,,,1,5,3,5,I just memorized which ones generally yielded the best results.,Have a good day!,20.859260000055656
11tg5yxy1g1hl5rwr7qap82j,1,19.07,30,Male,,Hispanic or Latino,Black or African American,Yes,Very well,19.308000000193715,2,4,4,5,NOTHING,GOOD,50.22099999990314
12ide102xqajrz6cxib9berc,1,20.08,27,Female,,Not Hispanic or Latino,White,Yes,Very well,15.968900000007357,1,4,5,5,No,,14.217405000003055
12ide102xqajrz6cxib9berc,2,23.81,,,,,,,,,1,5,5,5,I tried the robots a few times and then had a standard. ,,19.84914500004379
12ide102xqajrz6cxib9berc,3,18.35,,,,,,,,,1,4,5,5,I tried to guess at the beginning but then followed the trend of the feedback. ,,52.519915000069886
1dneojj1ydge4lw1zgtzfoj8,1,20.42,40,Female,,Not Hispanic or Latino,White,Yes,Very well,19.477865000022575,1,2,4,4,,,14.918999999994412
1e7zni3hs3hxwy7aqhg0bkb0,1,27.8,42,Female,,Not Hispanic or Latino,White,Yes,Very well,11.314955000008922,1,4,4,5,tried to remember the shapes,no,27.71687999999267
1e7zni3hs3hxwy7aqhg0bkb0,2,17.78,,,,,,,,,1,4,4,5,tried to remember the shapes in the middle,no,44.69862000003923
1idwvxzpt8dvsgsfthnl4uu1,1,34.95,29,Male,,Hispanic or Latino,Rather not say,Yes,Very well,8.738,1,4,5,5,I just tried to remember what pattern gave which result.,,25.433
1idwvxzpt8dvsgsfthnl4uu1,2,36.75,,,,,,,,,1,4,5,5,"I just tried to memorize the results. I wanted to change my reaction after one of the results changed due to a malfunction, but there didn't seem to be a pattern there.",,76.57000000000001
1idwvxzpt8dvsgsfthnl4uu1,3,23.18,,,,,,,,,1,4,4,5,"No, not really.",,10.744
1pvf4ir8v21v5wrnei5xl1zq,1,26.44,41,Male,,Not Hispanic or Latino,White,Yes,Very well,8.191370000000346,1,4,4,5,,,7.928410000000382
1pvf4ir8v21v5wrnei5xl1zq,2,20.18,,,,,,,,,1,4,4,5,Just figured it out in my head the likely good one,no,16.82931500000018
1pvf4ir8v21v5wrnei5xl1zq,3,15.47,,,,,,,,,1,4,4,5,Just figured it out in my head the likely good one,,10.254775000037625
35u9tjs3cet5fhuskp61780m,1,22.78,32,Male,,Not Hispanic or Latino,White,Yes,Very well,11.089739999999525,1,5,4,5,"No, I just eventually figured out which symbols to reject/accept.",,29.47403499999922
35u9tjs3cet5fhuskp61780m,2,17.68,,,,,,,,,1,4,5,5,"No writing, just figured it out the same way as last time.",,25.844919999999927
35u9tjs3cet5fhuskp61780m,3,16.81,,,,,,,,,1,5,5,5,No strategies.,,18.358534999999918
3eazb0ta6orlr8pndlxjcx7u,1,21.47,23,Female,,Hispanic or Latino,White,Yes,Very well,17.171304999999936,1,4,5,5,"I just tried to memorize which symbols were good, and which were bad.",,55.63593500000029
3eazb0ta6orlr8pndlxjcx7u,2,17.12,,,,,,,,,1,4,4,5,"I just tried to memorize which symbols were good, and which were bad.",,17.0310349999927
3eazb0ta6orlr8pndlxjcx7u,3,17.67,,,,,,,,,1,4,4,5,"I just tried to memorize which symbols were good, and which were bad.",,14.78044000000239
3jbtztfuani1nngygmcdf2tj,1,26.28,41,Male,,Not Hispanic or Latino,White,Yes,Very well,14.959,1,4,4,5,"I attributed more-recognizable names to the symbols like ""R"" and ""Flag"" and ""Tie"" etc.",none,135.77100000000002
3jijrkavuzibk5dbcpckeszy,1,19.18,20,Male,,Not Hispanic or Latino,Asian,Yes,Very well,10.350314999988768,1,3,4,5,I stuck with my instincts,,18.232359999994284
3jijrkavuzibk5dbcpckeszy,2,24.17,,,,,,,,,1,4,5,5,"I first tested hitting each one and deducing which 2 I would need to ""hit"". For example on the last batch I designated two that looked like a snake and wavy arms that I needed to hit and leave the rest rejected.",Thanks it was fun and looking forward to the next one! ,63.79425499995705
3jijrkavuzibk5dbcpckeszy,3,32.69,,,,,,,,,1,4,4,5,"I first tested hitting each one and deducing which 2 I would need to ""hit"". For example on the last batch I designated two that looked like a snake and wavy arms that I needed to hit and leave the rest rejected.",Thanks it was fun and looking forward to the next one! ,18.231339999998454
3uyqn5io0l0baxb4j39wxv63,1,26.52,31,Male,,Not Hispanic or Latino,White,Yes,Very well,28.39000000001397,4,3,4,4,no ,,30.95200000004843
3wbvn159qj7euefwbye5hsa1,1,19.39,29,Female,,Not Hispanic or Latino,Black or African American,Yes,Very well,11.12515999993775,1,5,5,5,"No, I just did my best to remember what got me the best results",This was fun!,25.6786200000206
3wbvn159qj7euefwbye5hsa1,2,18.88,,,,,,,,,2,5,4,5,"Nope, just did my best to remember",No comments,17.900000000000002
48mo481q4rmdo6g2jkwat6is,1,18.32,48,Male,,Not Hispanic or Latino,White,Yes,Very well,16.132714999985183,1,5,5,5,none,Thanks!,13.648385000007693
49tag69y1779cq1xg8vbych8,1,26.24,51,Female,,Not Hispanic or Latino,White,Yes,Very well,24.21874000004027,1,2,4,5,I said the shape outloud with a yes or no,Thank you,48.197674999944866
49tag69y1779cq1xg8vbych8,2,21.33,,,,,,,,,1,2,5,5,I said the shape inmy mind with a yes or no,Thank you,57.174614999908954
49tag69y1779cq1xg8vbych8,3,20.99,,,,,,,,,1,2,5,5,Said shape outloud then yes or no,Thank you,45.448785000000385
4czoxtp58q3xntzt3xinuxym,1,26.35,36,Female,,Not Hispanic or Latino,White,Yes,Very well,12.018824999999255,2,4,4,5,Just tried to remember what typically paid out what.,,27.639745000000346
4czoxtp58q3xntzt3xinuxym,2,17.48,,,,,,,,,1,3,4,5,Just tried to remember what typically paid out what.,,17.724000000000117
4czoxtp58q3xntzt3xinuxym,3,25.92,,,,,,,,,1,3,4,5,Just tried to remember what typically paid out what.,,12.725735000000103
4dymnxa4iq2lis85044q2d18,1,21.71,30,Female,,Not Hispanic or Latino,White,Yes,Very well,15.010689999908209,1,3,2,4,no strategies ,no issues or concerns,19.68036999972537
4dymnxa4iq2lis85044q2d18,2,19.34,,,,,,,,,1,3,4,5,didn't write anything down but just went with a answer for each until it was proven incorrect etc,no issues or concerns,44.23644499992952
4dymnxa4iq2lis85044q2d18,3,18.64,,,,,,,,,1,5,4,5,didn't write anything down but just went with a answer for each until it was proven incorrect etc,"no issues or concerns, enjoyable task. ",23.123124999925494
4h35z4tknl9w66kawo0m99q7,1,17.07,21,Female,,Not Hispanic or Latino,White,Yes,Very well,6.923630000004778,1,4,3,5,no,,10.733859999993001
4h35z4tknl9w66kawo0m99q7,2,20.99,,,,,,,,,1,3,4,5,None,,9.046360000000336
4h35z4tknl9w66kawo0m99q7,3,16.5,,,,,,,,,1,5,5,5,I did not,,8.504495000001043
4mgb8kl5yu9c3gnz77hricuo,1,23.11,37,Female,,Not Hispanic or Latino,White,Yes,Very well,12.23562499997206,1,4,4,5,no,none,14.583610000030603
4mgb8kl5yu9c3gnz77hricuo,2,20.5,,,,,,,,,1,4,4,5,none,none,13.769270000047982
4mgb8kl5yu9c3gnz77hricuo,3,16.0,,,,,,,,,1,3,4,5,none,none,13.410245000035502
4qb5f90qopafnsvaa9g13z39,1,24.14,35,Female,,Not Hispanic or Latino,White,Yes,Very well,12.805729999905452,1,4,4,5,none I used my instincts ,,41.80949999997392
4slss2knn07mc55jjvf9mr9n,1,41.06,42,Female,,Not Hispanic or Latino,White,No,Very well,15.092700000153854,1,4,4,4,Just use my memory,,31.328985000029206
4slss2knn07mc55jjvf9mr9n,2,18.94,,,,,,,,,1,4,4,5,"Most of the time I memorize the symbols, sometimes I just use intuition",,66.14061500001117
4slss2knn07mc55jjvf9mr9n,3,18.01,,,,,,,,,1,3,4,5,"Most of the time I memorize the symbols, sometimes I just use intuition",,25.01043500006199
4v07twzd8u7flz37znyp5ahi,1,24.59,31,Male,,Hispanic or Latino,White,Yes,Very well,12.663,1,2,4,5,"I basically just tried to remember, by memory, which patterns/shapes were good or bad based on trial and error.",This was a fun and interesting study. Thank you for the opportunity to participate!,66.949
4v07twzd8u7flz37znyp5ahi,2,19.15,,,,,,,,,1,4,4,5,"My stategy was to use trial and error at first. I would memorize which shapes would, on average, give the better payout. Once I felt comfortable knowing which were the ""good"" shapes, I would memorize them.",Thank you!,95.60300000000001
4v07twzd8u7flz37znyp5ahi,3,19.08,,,,,,,,,1,4,4,5,"I just used trial and error at first to learn which symbols I should press space for, and which ones I shouldn't. Then, once I had them memorized, I knew what to do.",Thank you!,86.568
4v17v6gmgneye8dtdtc24edi,1,21.98,31,Male,,Not Hispanic or Latino,White,Yes,Very well,15.726090000011027,1,4,3,4,"trial and error, once I feel one is locked down focus on the next until all are clear.",Thanks!,55.542444999999134
4v17v6gmgneye8dtdtc24edi,2,18.3,,,,,,,,,1,5,4,5,first guess was a guess then after a few sticking with which seems correct. ,Thanks!,33.68310999998357
4v17v6gmgneye8dtdtc24edi,3,27.44,,,,,,,,,1,5,4,5,"It's usually clear after 1 set of 4, maybe needs 2 or 3 if I get a badly timed malfunction. ","Curious what you could be studying, thanks!",70.60300499999732
4v9dxlevowlqpnkfrtoyigh7,1,56.07,19,Female,,Not Hispanic or Latino,Asian,No,Very well,9.366094999946654,2,5,4,5,I just tried to stay focused,,10.043559999903664
59alhvho5v1e7tbqe6pa4zua,1,30.87,24,Female,,Not Hispanic or Latino,White,Yes,Very well,12.468744999991031,1,5,5,5,,,10.5304049999977
59alhvho5v1e7tbqe6pa4zua,2,21.54,,,,,,,,,1,5,5,5,No,Very fun HIT. Thank you,24.621329999994487
59alhvho5v1e7tbqe6pa4zua,3,23.46,,,,,,,,,1,5,5,5,No,No,29.18384500000137
5kfsrwk6isjumbygpci2nc1b,1,27.04,53,Female,,Not Hispanic or Latino,White,Yes,Very well,17.84619999997085,1,2,5,5,Tried to remember symbols,None,58.474575000000186
5kfsrwk6isjumbygpci2nc1b,2,23.67,,,,,,,,,1,2,5,5,Trying to remember the symbols and their value. Did not write things down.,None,85.9104750000406
5kfsrwk6isjumbygpci2nc1b,3,21.05,,,,,,,,,1,3,5,5,Did not write things down. Just trying to memorize symbols on robots.,None,85.61431000000425
5s1xh81p48d3cgfopxg5th7b,1,25.18,22,Male,,Not Hispanic or Latino,White,Yes,Very well,8.12019000001601,1,3,5,5,Remember only what I need to accept.,,19.325099999987287
5s1xh81p48d3cgfopxg5th7b,2,18.05,,,,,,,,,1,5,5,5,I only remembered what I needed to accept.,,36.91111499996623
5s1xh81p48d3cgfopxg5th7b,3,17.45,,,,,,,,,1,2,4,5,Remember only what I need to accept.,,18.360669999965467
6g87adypc7f01zqupbd6odyy,1,22.88,44,Male,,Not Hispanic or Latino,Asian,No,Well,13.317490000044927,2,3,2,5,no,,16.298854999942705
6h6js8ula53vd8q3q1xov9s2,1,22.76,45,Female,,Not Hispanic or Latino,White,Yes,Very well,15.770120000001043,1,5,3,5,no,no,24.22005999996327
6h6js8ula53vd8q3q1xov9s2,2,17.22,,,,,,,,,1,4,3,5,no,no,20.527239999966696
6h6js8ula53vd8q3q1xov9s2,3,16.91,,,,,,,,,1,5,4,5,no,no,17.70962500013411
6jh3218tkyseo1xlzimcqvys,1,21.15,39,Male,,Not Hispanic or Latino,White,Yes,Very well,14.447305000001565,1,4,5,5,No.,No.,33.93076000000303
6jh3218tkyseo1xlzimcqvys,2,17.89,,,,,,,,,1,5,5,5,No.,No.,14.693870000017341
6jh3218tkyseo1xlzimcqvys,3,19.86,,,,,,,,,1,5,4,5,No.,No.,35.20866999999993
6p1y7pl0nlfw1wn9m9hgqftk,1,21.31,47,Female,,Not Hispanic or Latino,White,Yes,Very well,15.693999999999535,1,2,4,5,tried to remember,Thank You,26.65100000000163
6p1y7pl0nlfw1wn9m9hgqftk,2,19.77,,,,,,,,,1,3,5,5,tried to remember,"Thank You, it was fun.",31.860000000000465
6p1y7pl0nlfw1wn9m9hgqftk,3,17.88,,,,,,,,,1,4,5,5,tried to remember,I like this game. ,22.413000000000583
6ueg047d0lkoiwaz3lddkv03,1,20.51,27,Male,,Not Hispanic or Latino,White,Yes,Very well,14.310279999976046,2,4,4,5,No,No,15.639244999969378
6ueg047d0lkoiwaz3lddkv03,2,19.53,,,,,,,,,1,4,4,5,No,No,11.37335000000894
6ueg047d0lkoiwaz3lddkv03,3,16.94,,,,,,,,,1,5,4,5,No,No,12.15293000001111
6v44zezjk7c1zcphfa0gtc1c,1,22.3,30,Female,,Not Hispanic or Latino,White,Yes,Very well,14.595290000000968,1,5,5,5,"yes, i noticed which ones gave 10 more often and minus 10 .",thanks was unique,48.6351800000011
6v44zezjk7c1zcphfa0gtc1c,2,18.97,,,,,,,,,1,3,5,5,"yes, i noticed which ones gave 10 more often and minus 10 .Also stick with with the ones that gave better numbers despite the error of the scanner once in a while.",thank you,68.51491500000166
6v44zezjk7c1zcphfa0gtc1c,3,19.36,,,,,,,,,1,3,5,5,after figuring out which ones give me more and less and which ones took off less and more i  kept selecting them even if there was glitches at times.,thank you,120.17929499999445
6wf3yot4sk9y2rpa1l0uauhc,1,26.02,27,Male,,Not Hispanic or Latino,White,Yes,Very well,51.471315000002505,2,5,4,5,IDENTIFY THE COLORS,INTERESTING,61.840054999993185
73947eje09vgrmrmpi6a3lbc,1,30.79,44,Male,,Hispanic or Latino,White,Yes,Very well,16.481949999928474,2,5,5,5,no,nothing thanks,27.935010000132024
73axljwbabsrpj8gvfh5dabg,1,21.27,54,Male,,Not Hispanic or Latino,White,Yes,Very well,14.298675000000047,1,5,4,5,"no, just tried to spot the ""Accept"" symbols and stick with them",well-designed and explained. Thanks,67.56857999999984
73axljwbabsrpj8gvfh5dabg,2,18.03,,,,,,,,,1,4,2,5,"I just tried to spot the ""Accept"" symbols and stick with them.",Well-designed and very clearly explained. Thanks,58.655709999991814
73axljwbabsrpj8gvfh5dabg,3,17.14,,,,,,,,,1,5,2,5,"I just tried to spot the ""Accept"" symbols and stick with them.",Well-designed and very clearly explained. Thanks,30.410285000005388
74uxf3ljs4ky0ma7s0w7nm8e,1,21.58,30,Male,,Hispanic or Latino,Black or African American,Yes,Very well,19.794000000227243,3,4,3,5,Good strategies.,Good survey.,49.217999999877065
7bta3bfm5fbj4vsch0128msc,1,22.58,33,Male,,Not Hispanic or Latino,Black or African American,Yes,Very well,13.312795000034384,1,5,4,5,,,10.989299999957439
7gafs5x9i6b9bxf0gh9icj2g,1,22.59,54,Male,,Not Hispanic or Latino,White,Yes,Very well,18.029694999997503,2,4,4,5,no,,19.218635000001175
7iv5iyrqps4pg6vrc61221ul,1,28.06,38,Male,,Not Hispanic or Latino,White,Yes,Very well,23.15329500000016,1,4,3,4,"I found that two shapes in each block were the ones to approve. I made some initial guesses to determine them, then stuck with those two.",none,39.05451999999792
7iv5iyrqps4pg6vrc61221ul,2,20.48,,,,,,,,,1,3,5,5,"I tried to select many at the beginning to determine the ones to approve. Once I found that, I just stuck with those two to approve",none,83.80108499999996
7iv5iyrqps4pg6vrc61221ul,3,212.26,,,,,,,,,1,3,4,5,I tried to focus on the two images that provided the greatest value and stuck with those the entire time,none,30.46374999999814
82qtd6kuuhj5kbi23lh9ebcj,1,23.78,39,Female,,Not Hispanic or Latino,Asian,Yes,Very well,14.47297500000056,2,1,4,4,I memorize patterns and color patterns to gain points.,very challenging task but it was fun.,93.06478500000038
84bneiymbaj8wii2y89ot9pm,1,23.66,33,Male,,Not Hispanic or Latino,Asian,Yes,Very well,18.362000000000002,1,3,4,5,No.,,22.939
84bneiymbaj8wii2y89ot9pm,2,19.18,,,,,,,,,1,2,4,5,No.,,18.709
84bneiymbaj8wii2y89ot9pm,3,18.3,,,,,,,,,1,2,4,5,No.,,22.195
8g18lriszq9mzwrvii4kud1f,1,22.09,22,Female,,Not Hispanic or Latino,White,Yes,Very well,17.606,1,3,4,5,I tried to name the symbols in my head to make it easier to remember which ones indicated a complete robot.,,70.726
8g18lriszq9mzwrvii4kud1f,2,19.65,,,,,,,,,1,4,4,5,I came up with names for the symbols to make it easier to memorize which ones meant complete and incomplete.,,112.94500000000001
8g18lriszq9mzwrvii4kud1f,3,19.69,,,,,,,,,1,4,4,5,I gave the symbols nicknames so I could remember which meant complete and which meant incomplete.,Everything was easy to understand and this task pays well :),116.519
97sn4yno3bhp0q9qiwh8ga0i,1,25.13,38,Female,,Not Hispanic or Latino,White,Yes,Very well,13.341799999994691,1,3,4,4,no,none,12.182200000039302
9kg42bzf48f7hbwsvb15dcdw,1,33.78,23,Female,,Not Hispanic or Latino,Black or African American,Yes,Very well,13.607849999913014,2,3,3,4,None,none,14.823655000072904
9kg42bzf48f7hbwsvb15dcdw,2,26.07,,,,,,,,,1,3,3,4,none,none,13.764819999996806
9kg42bzf48f7hbwsvb15dcdw,3,18.81,,,,,,,,,2,4,4,4,none,none,20.02656999998726
a74ii84ekpz0ewjmteuoo4tj,1,25.78,38,Female,,Hispanic or Latino,White,Yes,Very well,38.92709000001196,1,4,5,5,focus to gain bonus points,interesting task,61.71003000001656
a999bxrmsrbho722z3h1ixwx,1,20.8,36,Male,,Not Hispanic or Latino,White,Yes,Very well,13.51878000004217,1,3,2,5,No,,12.997715000063181
a999bxrmsrbho722z3h1ixwx,2,17.37,,,,,,,,,1,4,3,5,Just memory,,17.18144499999471
a999bxrmsrbho722z3h1ixwx,3,17.28,,,,,,,,,1,4,3,5,Just memory,,10.601365000009537
c04g8el6o97pgtvk4dsvt4sb,1,20.88,31,Female,,Not Hispanic or Latino,White,Yes,Very well,10.950179999999936,1,2,4,5,I just tried to make note in my head of ones not to accept.,,26.434085000000895
c04g8el6o97pgtvk4dsvt4sb,2,18.48,,,,,,,,,1,4,3,5,I tried to remember in my head which ones not to accept.,,43.504580000000544
c04g8el6o97pgtvk4dsvt4sb,3,18.39,,,,,,,,,1,4,3,5,kept note in my head which ones should be rejected,,18.218735000002198
cfa2axc94u0j5uq6vkm6ws3k,1,21.09,33,Female,,Not Hispanic or Latino,White,Yes,Very well,11.43632500001695,1,3,3,5,just memorization,,12.743085000023711
cfa2axc94u0j5uq6vkm6ws3k,2,20.6,,,,,,,,,1,3,4,5,memorizing and putting words to the symbols,,26.040509999962524
coz12o3u8bejfxzrobndpgvr,1,20.69,21,Male,,Hispanic or Latino,White,Yes,Very well,13.274329999927431,1,4,5,4,took a mental note of initial incorrect/correct choices to establish the pattern of what icons were correct to pass and which to not.,n/a,69.134190000128
coz12o3u8bejfxzrobndpgvr,2,18.47,,,,,,,,,2,5,5,5,Just memorized which icons were correct and which were incorrect. Also stopped looking at the point counter as sometimes it would malfunction and I didn't need that clouding my judgement after I already knew what was correct and what was incorrect.,"Perhaps it would be interesting if the different lights used some of the same symbols, where in one light they were correct but in the other they weren't. ",99.95617000001948
coz12o3u8bejfxzrobndpgvr,3,17.95,,,,,,,,,1,4,5,5,Tried to establish  as early as possible what symbols were right and which were wrong (initial malfunctions made this method more difficult as it misled me as to which were right and which were wrong as opposed to earlier trials of this experiment),n/a,102.02693000002182
cspu6oze190o8a7gb4wvbkgp,1,26.19,44,Female,,Not Hispanic or Latino,White,Yes,Very well,16.560754999998725,1,4,5,5,Didn't write anything down. I associated the symbols with yes (space) or no (nothing) to help me remember. Towards the end I thought I should see if there was a pattern to how they were coming and whether or not a change in the pattern would cause the robot to misfunction. I wish I would have thought to do this sooner because I'm curious if there was a rhyme or reason to when it would malfunction.,The malfunctioning was frustrating and very confusing at first...sometimes I thought I was going crazy until I figured out for sure which symbol went with accepting/rejecting. It was a really fun task and I'd love to do more!,232.0707449999971
cspu6oze190o8a7gb4wvbkgp,2,24.78,,,,,,,,,1,4,5,5,No writing. Just tried to remember when to accept once I figured out which symbols meant what.,Fun! I am still not sure if there's a rhyme or reason to when/why it malfunctions. I'm determined to figure it out!,190.30896000005305
cspu6oze190o8a7gb4wvbkgp,3,20.33,,,,,,,,,1,4,5,5,Didn't write anything down. It was pretty easy to remember once I figured out which symbols went with what. I realized early on that each color has exactly one reject and one accept so that helps me sort it out a bit quicker.,Still trying to figure out if there's a rhyme or reason to the malfunctioning...it's making me crazy! ha ha,125.15063499996904
d03i4yb65sex3u8dczofhk96,1,19.48,34,Female,,Not Hispanic or Latino,Black or African American,Yes,Very well,20.830450000008568,1,4,4,5,no,no,13.874089999997523
d5lczvoy71v8c7w2xhhphgcb,1,21.74,27,Female,,Not Hispanic or Latino,White,Yes,Very well,19.486930000130087,1,3,4,5,"No, just tried my best to figure out which robots were good or bad. ",,32.621645000297576
d5lczvoy71v8c7w2xhhphgcb,2,19.25,,,,,,,,,2,4,5,5,No.,,17.247074999992037
d5lczvoy71v8c7w2xhhphgcb,3,17.77,,,,,,,,,1,4,5,5,"No, just learned which bots were ""good"" and ""bad""",,33.70776499994099
dg4z3jsbfn20de6i05xme8h3,1,24.85,66,Male,,Not Hispanic or Latino,White,Yes,Very well,28.90750999993179,1,4,4,5,Tried to see symbol patterns but results were inconsistent.,"None, thank you.",67.53840999992099
dg4z3jsbfn20de6i05xme8h3,2,19.07,,,,,,,,,1,3,5,5,Remembering which symbols paid most,Nope.,43.728499999968335
dg4z3jsbfn20de6i05xme8h3,3,19.93,,,,,,,,,1,4,5,5,Pattern recognition for good and bad choices,"None, thank you.",66.19248500000685
dg96lmcvm2b8cwvc7zwcmqd5,1,21.44,31,Male,,Not Hispanic or Latino,Asian,Yes,Very well,9.131450000000653,1,1,5,4,"No, I tried to juggle the signs and symbols in my head; then I tried to account for when the machine ""malfunctioned"" or flipped the signs around.",Fun task.,30.901540000006325
dg96lmcvm2b8cwvc7zwcmqd5,2,17.09,,,,,,,,,1,3,4,5,"I tried to figure out what was right early on and I ignored the ""malfunctions.""  In other words, I stuck with one strategy and ignored any machine deviations.",N/A,28.2538249999634
dg96lmcvm2b8cwvc7zwcmqd5,3,17.02,,,,,,,,,1,3,2,4,"No, I just tried to gauge when the machine was malfunctioning and how frequently I was getting the task right. ",No.,27.731280000007246
dh7lweje6pjihtj1gak632sw,1,30.82,31,Male,,Not Hispanic or Latino,Asian,Yes,Very well,9.151764999998733,1,4,3,5,No,,12.40625
drf5o1lo33plcbhrkknsm4kz,1,18.57,36,Male,,Not Hispanic or Latino,White,Yes,Very well,15.98903500000597,1,2,1,5,No I just tried to work off memory,,19.676464999996824
drf5o1lo33plcbhrkknsm4kz,2,17.96,,,,,,,,,1,3,1,5,No I just worked off memory,,19.54893499999889
drf5o1lo33plcbhrkknsm4kz,3,20.12,,,,,,,,,1,2,2,5,Just tried to work off my memory,,16.5563850000035
dwmjnt76sup1g25gjedh2pfb,1,24.64,43,Female,,Not Hispanic or Latino,White,Yes,Very well,11.29146999999648,1,2,4,5,No,NA,20.963160000013886
dwmjnt76sup1g25gjedh2pfb,2,21.12,,,,,,,,,1,4,4,4,No,NA,30.062050000000514
e7ldy6mpet45xr7wqa1ne5pw,1,18.48,35,Female,,Not Hispanic or Latino,White,Yes,Very well,10.28709500003606,1,5,3,5,No,No,10.127855000086129
e7ldy6mpet45xr7wqa1ne5pw,2,17.88,,,,,,,,,2,4,4,5,No,No,10.422919999997365
e7ldy6mpet45xr7wqa1ne5pw,3,16.1,,,,,,,,,1,5,3,5,NO,NO,9.534750000108033
e7mfumj1wz7iq1qi1xiysp88,1,21.24,25,Male,,Not Hispanic or Latino,White,Yes,Very well,36.783390000000594,1,5,3,1,,,12.813604999999283
ea0k6vqrjovnxvqd2dcivslk,1,32.19,22,Female,,Not Hispanic or Latino,White,Yes,Very well,16.976309999998193,1,2,5,5,I tried to keep repeating what I named the symbols out loud like fork and flag were good or x and tiny square are good,this was a fun task. Also the reason my answers for the questionnaire are the way they are is because I have Bi-polar disorder (yes actually diganosed) so I go through avlot of manic and depressive episodes but my manic episodes are a lot more intense. ,139.4081850000075
ea0k6vqrjovnxvqd2dcivslk,3,19.44,,,,,,,,,1,3,5,5,I tested all of the symbold at the beginning and then went with the ones that showed correct the most amount of times,"I really like this task, its more fun than most!",67.30186999985017
fiwsf4ul3d58zfz1akws3jpo,1,18.78,31,Male,,Not Hispanic or Latino,White,Yes,Very well,11.696700000000419,1,2,4,5,I tried to remember what shape meant a rejection or acceptance.,,20.75860499999556
fiwsf4ul3d58zfz1akws3jpo,2,18.51,,,,,,,,,1,4,5,5,I tried to remember what shape meant a rejection or acceptance.,Very interesting survey,27.691835000005085
fp7csa2rz19l6t90s0ftwn8v,1,23.68,69,Female,,Not Hispanic or Latino,White,Yes,Very well,14.932749999999768,2,4,5,5,just remembered,everything was clear,18.077434999999358
fp7csa2rz19l6t90s0ftwn8v,2,19.93,,,,,,,,,1,4,5,5,just remembered,everything was clear,13.24120000000042
fp7csa2rz19l6t90s0ftwn8v,3,19.65,,,,,,,,,1,4,5,5,just remembered,everything was clear,14.778949999999954
g7qeqtu8d01e6dito8a18uii,1,22.46,45,Male,,Not Hispanic or Latino,White,Yes,Very well,9.283269999956246,1,5,4,5,no,no,10.917859999986831
g7qeqtu8d01e6dito8a18uii,2,22.95,,,,,,,,,2,2,4,4,no,no,25.203539999900386
gd6lbuycu8vux2kk0dz46s2w,1,45.19,32,Male,,Not Hispanic or Latino,White,Yes,Very well,10.86353500000434,1,4,4,5,I simply tried to use my memory,no,25.81782999999961
gd6lbuycu8vux2kk0dz46s2w,3,16.81,,,,,,,,,1,4,3,5,I simply tried to use my memory,no,15.688815000001341
goaouki4iqik3pea65n91ckb,1,23.82,74,Male,,Not Hispanic or Latino,White,Yes,Very well,23.199445000034757,1,3,3,3,"blue was good, yellow was not, but I had no control of the numerics","if it made mistakes, how can I find a solution, no indications",90.51673499995377
grvvupl60f45b87jqonaqxlu,1,107.19,48,Female,,Not Hispanic or Latino,White,Yes,Very well,13.161100000143051,1,4,5,5,no,none,22.87485000025481
hng0kxh86gm4sri5qed9ov88,1,19.56,64,Male,,Not Hispanic or Latino,White,Yes,Very well,10.000099999946542,1,5,5,5,No,,12.013225000002421
i1tfnk9rd0znvar0osctyab8,1,24.67,24,Female,,Not Hispanic or Latino,White,Yes,Very well,10.516185000014957,1,4,4,5,kept watching which symbols got the higher score,thank you,35.28801499999827
i1tfnk9rd0znvar0osctyab8,2,19.34,,,,,,,,,1,4,4,5,kept watching which symbols got the better score,thank you :) fun task!,37.14629999999306
i1tfnk9rd0znvar0osctyab8,3,18.81,,,,,,,,,1,4,4,5,kept watching which symbols got the better score,thank you,19.213209999958053
iivv86wxwvonnpgve4xthtu1,1,19.9,30,Female,,Hispanic or Latino,White,Yes,Very well,14.971189999952912,1,3,3,4,no,,11.986814999952912
im1x578djv5qys3397hkll2b,1,19.56,40,Female,,Not Hispanic or Latino,White,Yes,Very well,12.98384499992244,1,4,4,4,I only put the blue through after trial and error,no,22.071480000042357
ipgum2nxzkv3wg37c4w3qh6o,1,21.3,26,Female,,Rather not say,Rather not say,Yes,Very well,9.380734999955166,1,3,3,4,I remembered which ones were complete or incomplete,,22.21744000003673
ipgum2nxzkv3wg37c4w3qh6o,2,24.03,,,,,,,,,1,4,4,5,I remembered which symbol meant an incomplete or complete robot,The scanners in the last two rounds seemed to malfunction more often,58.29725999999931
ipgum2nxzkv3wg37c4w3qh6o,3,17.51,,,,,,,,,2,5,4,5,I remembered which ones were complete or incomplete,,14.723805000001448
ju0f49e2syj7yu56vwlehxyy,1,20.32,58,Female,,Not Hispanic or Latino,White,Yes,Very well,17.26216500000004,1,4,4,5,just tried to remember,,29.309830000005665
ju0f49e2syj7yu56vwlehxyy,2,18.14,,,,,,,,,1,5,5,5,just tried to remember,,21.82766999999876
ju0f49e2syj7yu56vwlehxyy,3,18.01,,,,,,,,,1,4,4,5,just tried to remember,no,18.06257499998901
k7iveyein54g2c50ty7z8vxs,1,27.85,40,Male,,Not Hispanic or Latino,Black or African American,Yes,Very well,17.282599999998695,2,2,4,5,I tried to remember what signs meant the robot was complete,thanks for the opportunity,57.70659499999974
k9aubsm14o60l5ozagwbc8si,1,31.66,34,Female,,Not Hispanic or Latino,White,Yes,Very well,20.539355000015348,1,2,5,4,"No, I did not write anything down. I just tried to match the symbols with the ones that I felt would get me the most posts or at least a point and not get me negative points as often, but it was difficult sometimes!",No other comments,117.24476500001037
k9aubsm14o60l5ozagwbc8si,2,23.97,,,,,,,,,2,2,5,5,"I didn't write anything down, but I did try to look at the symbols and figure out which ones would get me the most points. Sometimes, it was difficult because when I thought it would be +10, it would say -10, so I had a little more difficult time finding the pattern on this one. If there is even a pattern, because sometimes when it would be +10 the next time, that symbol would be -10 or -1, so it was a bit difficult to figure out/ maybe it's random, I'm not sure.",Thank you for the opportunity to participate! :) These are really interesting and fun to try to figure out the symbols and points.,144.232275000002
k9aubsm14o60l5ozagwbc8si,3,20.44,,,,,,,,,1,2,5,5,"I did not write anything down. I did try to look at the symbols, but this time was more difficult. I didn't ""notice"" a pattern.",This one was really hard for me in the second part! I could not figure out the symbols as much this time... I couldn't figure out if there was a certain way the symbols looked that would make it so I would need to reject or accept them. ,107.42274500004714
kdf364gyhp7cnlnv3h0wu7tq,1,20.4,28,Male,,Not Hispanic or Latino,White,Yes,Very well,15.143,1,5,4,5,I would accecpt robots untill I felt that I knew what the correct symbols were.,,37.32
kdf364gyhp7cnlnv3h0wu7tq,2,17.99,,,,,,,,,1,5,5,5,I would accecpt robots untill I felt that I knew what the correct symbols were.,,22.949
kfsk05ryf7w1i41ernnh8oth,1,30.01,36,Male,,Not Hispanic or Latino,Black or African American,Yes,Very well,15.166800000006333,2,2,3,5,Identification,,30.709165000007488
kot5rz3je22hoavaecvsaodu,1,21.03,37,Male,,Not Hispanic or Latino,White,Yes,Very well,11.443515000020852,1,2,2,5,Just memorization,,18.30692000000272
kot5rz3je22hoavaecvsaodu,2,20.41,,,,,,,,,1,3,4,5,,,7.7593549999874085
kot5rz3je22hoavaecvsaodu,3,22.56,,,,,,,,,1,3,4,5,I made notes as to what had happened in the past,,95.80431000003591
kyi38hfnjulfsnfuymib41o7,1,20.86,33,Male,,Not Hispanic or Latino,White,Yes,Very well,11.631640000001527,1,5,4,5,,,8.402259999998845
lklyh5d5d62lcannsm93uvmx,1,19.14,33,Male,,Not Hispanic or Latino,White,Yes,Very well,9.885725000000093,1,4,5,5,Thought of objects for symbols,Fun!,17.403939999999945
lklyh5d5d62lcannsm93uvmx,2,22.16,,,,,,,,,2,2,2,5,no,fun,10.230180000000633
lklyh5d5d62lcannsm93uvmx,3,76.55,,,,,,,,,2,4,4,5,No,No,55.89393000000064
lztau5qskxmhgxj4f07c2otv,1,19.41,31,Male,,Not Hispanic or Latino,Asian,Yes,Very well,14.416,1,4,3,5,No. Just focused.,No.,34.458
lztau5qskxmhgxj4f07c2otv,2,16.4,,,,,,,,,1,4,3,5,No just focused.,No,16.683
lztau5qskxmhgxj4f07c2otv,3,15.89,,,,,,,,,1,5,2,5,no. just memory,no,17.443
m2j8nqjszft6h1ryq8q61fmy,1,20.31,25,Male,,Not Hispanic or Latino,Asian,Yes,Very well,10.213010000006761,1,4,4,5,Accept all robots in the beginning to determine patterns and just memorize,,24.214414999994915
m2j8nqjszft6h1ryq8q61fmy,2,17.53,,,,,,,,,1,5,4,5,"Trial and error to figure out which one is correct, sticking with my trust, giving the symbols names like 'P', 'Peak', 'I', etc.",No comments,66.71679500001483
m2j8nqjszft6h1ryq8q61fmy,3,16.54,,,,,,,,,1,5,4,5,"Figure out the patterns first with trial and error, give each symbol a name to memorize, stick with the pattern",no comments,35.10850500012748
m8r6o4nh90s3vbwadial0bfv,1,19.58,58,Female,,Not Hispanic or Latino,White,Yes,Very well,15.276910000000615,1,1,4,5,I didn't use any strategies except trying to find a pattern and remembering it in my head.,No.,39.34203999999957
m8r6o4nh90s3vbwadial0bfv,2,17.48,,,,,,,,,1,4,4,5,"No, I didn't use any particular strategy other than memorization.",No.,34.12551500000013
m8r6o4nh90s3vbwadial0bfv,3,27.38,,,,,,,,,1,5,4,5,I just noticed the pattern after each shape moved through the conveyor belt once each.,No.,62.9268900000006
mjis8e000aa6i3mflf0qfdhn,1,21.04,24,Female,,Not Hispanic or Latino,White,Yes,Very well,11.155194999999367,1,4,3,5,i just committed the symbols to memory,thank you! stay healthy :o),25.102719999998808
mkekir1x2ffpjt7wnlm9xupm,1,19.32,54,Female,,Not Hispanic or Latino,White,Yes,Very well,21.005959999980405,1,2,5,5,"I didn't write anything down, but I tried to remember the symbols",Interesting survey,30.12454499999876
mkekir1x2ffpjt7wnlm9xupm,2,19.24,,,,,,,,,1,2,5,5,I didn't write anything down. I tried to remember the symbols,Really interesting!,33.78665500000352
mkekir1x2ffpjt7wnlm9xupm,3,18.39,,,,,,,,,1,2,5,5,I tried to concentrate on the symbols,Interesting survey ,37.97112499998184
mueq3f1w9571be42t6l3oibo,1,21.59,27,Female,,Hispanic or Latino,White,Yes,Very well,30.265679999953136,1,4,5,5,nothing,good  nice,52.943100000033155
mxwf5gguwvri7zxae22opke7,1,19.51,31,Female,,Not Hispanic or Latino,Black or African American,Yes,Very well,14.119345000013709,1,3,3,5,no,,23.192724999971688
mxwf5gguwvri7zxae22opke7,2,19.45,,,,,,,,,1,4,4,5,no,no,20.175399999978254
mxwf5gguwvri7zxae22opke7,3,24.35,,,,,,,,,1,2,4,5,no,no,15.765339999925345
ndf4cr8g95xznbyy9bzdmchn,1,19.26,33,Male,,Not Hispanic or Latino,White,Yes,Very well,10.962315000000643,1,5,2,5,Nope.,,18.263540000000038
ndf4cr8g95xznbyy9bzdmchn,2,16.83,,,,,,,,,1,5,2,5,Nope.,,10.567990000001272
ndf4cr8g95xznbyy9bzdmchn,3,17.57,,,,,,,,,1,5,2,5,no,,17.201
nz9zfobqkkrija2o8wpk80pj,1,23.5,37,Female,,Not Hispanic or Latino,White,Yes,Very well,12.922755000006873,2,1,2,4,no,no,13.021735000002199
nz9zfobqkkrija2o8wpk80pj,2,18.41,,,,,,,,,2,2,2,5,no,no,16.30227500000014
nz9zfobqkkrija2o8wpk80pj,3,17.55,,,,,,,,,1,2,2,5,no,,16.61248000001069
nzeb0oa79n7lannb0f6c8mgr,1,22.95,30,Male,,Hispanic or Latino,Black or African American,Yes,Well,23.25400000018999,2,4,3,4,NO,GOOD,26.65100000007078
odbc1avwxhy09ukmn5ymmefe,1,21.16,35,Male,,Not Hispanic or Latino,White,Yes,Very well,33.59,1,4,4,5,"no, just remembered the symbols I wanted",none,31.866
odbc1avwxhy09ukmn5ymmefe,2,17.07,,,,,,,,,1,4,4,5,"no, I just tried to learn the shapes early in the round by guess and check, and then applied it by memory as the round went on",none,55.58
odbc1avwxhy09ukmn5ymmefe,3,19.13,,,,,,,,,1,4,4,5,"no, just guess and check in the beginning few robots, and then stick with what you've learned and just focus on the symbols, and don't worry about the feedback errors that try to make me doubt",none,93.917
oemai1vch0xjh2tfdr718qw6,1,19.82,38,Male,,Not Hispanic or Latino,White,Yes,Very well,14.350454999832436,1,4,3,5,"Nope. I just knew there were two robots I should  press the spacebar for and two I shouldn't. Once I figured out which two, I just kept doing it.",no comments,55.725744999945164
oemai1vch0xjh2tfdr718qw6,2,41.45,,,,,,,,,1,4,3,5,No strategies. Just paying attention.,no comments,21.026845000000204
oemai1vch0xjh2tfdr718qw6,3,16.23,,,,,,,,,1,4,3,5,no strategies,no comments,21.69472000002861
oj6gfmd6h8w33zu4mwdt3s71,1,31.76,28,Male,,Not Hispanic or Latino,Black or African American,Yes,Very well,16.24661499960348,1,4,4,5,I simply waited for the blue light to show to press the space bar.,None,47.22936000023037
osfqan6p1j4elf6478uhi2cc,1,24.76,33,Male,,Not Hispanic or Latino,Asian,No,Very well,12.320445000004723,2,2,4,5,Memorization of the ones that yield greater points,No additional comments,25.672940000004136
osfqan6p1j4elf6478uhi2cc,2,17.42,,,,,,,,,1,3,4,5,Memorization of the shapes that yield greater points,No additional comments,42.3557950000104
osfqan6p1j4elf6478uhi2cc,3,16.88,,,,,,,,,1,2,4,5,Memorization of the shapes that yield greater points,No additional comments,14.304730000003474
osj8m0yvw306t6y74xe9o4qn,1,21.48,44,Male,,Not Hispanic or Latino,White,Yes,Very well,17.884629999753088,1,4,2,5,I would use the first few passes to try to figure out which symbols meant complete or not and then basically stuck with that throughout. ,none at this time,70.55833499971777
osj8m0yvw306t6y74xe9o4qn,2,17.92,,,,,,,,,1,4,4,5,I would use the first few passes to try to figure out which symbols meant complete or not and then basically stuck with that throughout. ,,22.546949999872595
osj8m0yvw306t6y74xe9o4qn,3,20.1,,,,,,,,,1,5,4,5,I would use the first few passes to try to figure out which symbols meant complete or not and then basically stuck with that throughout. ,When the machine gives out the wrong points it's frustrating.,33.20035500032827
p5843ltu7lw25o03nbadzsaa,1,21.44,62,Female,,Not Hispanic or Latino,White,Yes,Very well,16.53633000003174,1,2,4,5,no,no,22.691649999993388
p5843ltu7lw25o03nbadzsaa,2,18.64,,,,,,,,,1,2,4,5,no,no,21.443965000000084
p5843ltu7lw25o03nbadzsaa,3,19.03,,,,,,,,,1,3,4,5,none,none,34.406829999992624
p5f3fscxjt1ulrzv5fr3nlhx,1,21.7,31,Male,,Not Hispanic or Latino,White,Yes,Very well,14.059479999996256,2,4,3,5,Just remember the two good and two bad symbols,,36.58186500001466
p5f3fscxjt1ulrzv5fr3nlhx,2,19.0,,,,,,,,,1,4,3,5,Just remember the two good and two bad symbols,,16.56473499999987
p5f3fscxjt1ulrzv5fr3nlhx,3,20.65,,,,,,,,,1,4,3,5,trial and error till I found the right symbol,,24.258940000087023
q2uwl4i2899pwzypw9h23za2,1,22.2,34,Male,,Not Hispanic or Latino,Black or African American,Yes,Very well,18.975000000093132,1,4,4,5,focus,nice,29.83600000012666
qhwl1mwjpvnd9ju8e7yz68b2,1,25.44,43,Male,,Not Hispanic or Latino,White,Yes,Very well,14.583510000258684,2,1,3,1,no,This was torture,37.66127000004053
qhwl1mwjpvnd9ju8e7yz68b2,2,29.94,,,,,,,,,1,1,1,2,no,Inconsistent scanning makes you lose too many points,92.07836499996483
qhwl1mwjpvnd9ju8e7yz68b2,3,21.61,,,,,,,,,1,4,2,5,remembered the symbols,broken scanner is very annoying,37.712250001728535
qoxp3z22sxf0oiq3tg13tfjw,1,16.78,24,Female,,Not Hispanic or Latino,White,Yes,Very well,9.042779999785125,1,4,4,4,no,,9.240250000730157
qoxp3z22sxf0oiq3tg13tfjw,2,17.26,,,,,,,,,1,4,3,4,pay attention to the symbols,no,18.614335000514984
qoxp3z22sxf0oiq3tg13tfjw,3,17.41,,,,,,,,,1,4,3,4,pay attention to the patterns,none,20.64626499917358
qz9a56zl60mfwv7umkwwph2d,1,20.7,28,Male,,Not Hispanic or Latino,White,Yes,Very well,8.721179999876767,1,4,4,5,"nope, just trial and error",I appreciate it!,23.28685999987647
qz9a56zl60mfwv7umkwwph2d,2,17.56,,,,,,,,,1,4,4,5,"nope, just trial and error, like last time!","I appreciate it, Niv!",27.34377499995753
qz9a56zl60mfwv7umkwwph2d,3,17.3,,,,,,,,,1,5,4,5,"nope, just the usual trial and error.","Thanks, Niv!",24.74431999999797
rci3lcophxwhturxe4bx1cj9,1,32.96,41,Male,,Not Hispanic or Latino,White,Yes,Very well,11.943175000000279,1,2,5,5,no,,11.59008499999973
rci3lcophxwhturxe4bx1cj9,2,17.74,,,,,,,,,1,4,5,5,no,,14.98037499999907
rci3lcophxwhturxe4bx1cj9,3,39.03,,,,,,,,,1,4,5,5,no,,15.820915000003763
rl9qohmfkxokqsrwgf3e6uvz,1,22.79,47,Female,,Not Hispanic or Latino,White,Yes,Very well,14.62999999999744,1,4,4,5,No I just guessed at first and then went with what I figured out gave the right answers.,None,34.832999999998606
rl9qohmfkxokqsrwgf3e6uvz,2,18.08,,,,,,,,,1,5,4,5,"Not really, I tried accepting and rejecting each symbol and then went with what seemed to match the most points each time.",None,64.549
rl9qohmfkxokqsrwgf3e6uvz,3,16.93,,,,,,,,,1,4,4,5,"Not really, I tried accepting and rejecting each symbol and then went with what seemed to match the most points each time.",None,18.224
rvtfwjpc6ibxodgxmq16o47l,1,26.93,72,Male,,Not Hispanic or Latino,White,Yes,Very well,15.221625000005588,1,2,3,5,no,THANK YOU for the work. ,25.442009999998845
sfnb1wv4zqbp2g1pgpri2b6n,1,25.31,35,Female,,Not Hispanic or Latino,Asian,No,Very well,18.539704999886453,1,4,5,5,remember the symbols,none,20.338470000075176
sfnb1wv4zqbp2g1pgpri2b6n,2,19.73,,,,,,,,,1,5,5,5,remember the symbols,none,11.546329999997281
sfnb1wv4zqbp2g1pgpri2b6n,3,17.29,,,,,,,,,1,5,4,5,remember the symbols,none,13.595659999991767
sldfzozvya0866f3mwvojl0g,1,19.64,33,Male,,Not Hispanic or Latino,White,Yes,Very well,12.327,1,5,4,5,"No, I just went off of memory.",None,36.189
sldfzozvya0866f3mwvojl0g,2,17.2,,,,,,,,,1,4,4,5,"No, I was just going off of memory.",None,29.445
sldfzozvya0866f3mwvojl0g,3,17.01,,,,,,,,,1,5,4,5,"Not really, just going off of memory.",None,37.003
sm5nnykjuou0ucd6iydv21bx,1,20.35,36,Male,,Hispanic or Latino,White,Yes,Very well,12.55411499994807,1,5,4,5,"No, it was pretty simple.  I figured there might be some pattern to how often the machine malfunctioned, but there were too many things to juggle for me to figure it out.",Thanks!,45.81581999990158
sm5nnykjuou0ucd6iydv21bx,2,17.97,,,,,,,,,1,5,4,5,"No, there really isn't much to it.  After the first few trials it is easy to figure out which symbols to accept and reject.",Does it have to look like the robot from Iron Giant?  It makes it harder to reject it lol.,65.57694000005722
sm5nnykjuou0ucd6iydv21bx,3,17.41,,,,,,,,,1,5,4,5,Nope.  It was pretty straight forward.,"I still have no clue what this is studying, but I'm happy to help.",33.54153500000399
sr0xjnvm85vs64bpp2vniu0u,1,26.39,27,Male,,Not Hispanic or Latino,White,Yes,Very well,18.22593000001507,1,2,5,3,Wrote things down.,Fun!,19.45995499996934
sr0xjnvm85vs64bpp2vniu0u,2,22.87,,,,,,,,,1,3,5,5,Wrote down each symbol.  Kept track of correct answers which eventually converged on their true classification.,,46.42704999994021
sr0xjnvm85vs64bpp2vniu0u,3,18.7,,,,,,,,,1,4,5,5,Wrote down.  At the beginning there are about 2 rounds of exploration until the answers converge on the true classification after which I could do exploitation on the answers.  Looks like there's about a 25% inaccuracy rate so 2 rounds is about sufficient to know the true classification.,"Interesting study, would be interested in learning more about it after it's finished.",105.83876499999315
stgt2bwysexroszj1fsfw7m2,1,22.67,25,Male,,Not Hispanic or Latino,Asian,Yes,Very well,9.37993499999703,1,2,3,5,just my memory,no,24.240750000004425
stgt2bwysexroszj1fsfw7m2,2,17.54,,,,,,,,,1,3,3,5,I used my memory,no,17.8984300000011
stgt2bwysexroszj1fsfw7m2,3,19.81,,,,,,,,,1,3,2,5,I used my memory,no,19.44231499999296
t1y3gw8hh5yw5j4dcpvixjkg,1,20.17,29,Male,,Not Hispanic or Latino,Asian,No,Very well,12.294595000101253,1,4,4,4,I try to find which symbols represent a complete robot and which symbols represents an incomplete robot.,,43.507740000030026
t1y3gw8hh5yw5j4dcpvixjkg,2,21.61,,,,,,,,,1,4,4,5,"I was trying to find a pattern with the malfunctioning light, but I mostly stuck to finding the correct symbol for a complete robot.",,43.56677000000491
t1y3gw8hh5yw5j4dcpvixjkg,3,19.98,,,,,,,,,1,4,3,5,"I made it my priority to find which symbols matches a complete robot and an incomplete robot. I gave up trying to find a pattern after the 2nd row of robots, since it seems very random.",,89.31926500005648
t7zcpggxc4dw09wg818s0z8d,1,30.17,31,Male,,Not Hispanic or Latino,White,Yes,Very well,18.838000000017928,1,3,4,5,no,"its too good, i like it to do.",24.05099999997765
te8lv9mcydnr2gfteeony4tx,1,23.58,40,Male,,Not Hispanic or Latino,White,Yes,Very well,17.862690000096336,2,4,4,5,I tried the memorize the symbols as English alphabet characters.,,54.3469299999997
te8lv9mcydnr2gfteeony4tx,2,18.37,,,,,,,,,1,4,4,5,I made up words for the symbols.,,30.310945000004722
te8lv9mcydnr2gfteeony4tx,3,19.79,,,,,,,,,1,2,4,5,I imagined the symbols as electrical components for the spacebar for the robots that were accepted.,,73.27215999993496
telvsjfuohblsio4g1vjjrf8,1,18.78,38,Male,,Not Hispanic or Latino,White,Yes,Very well,13.757059999996331,1,4,4,5,no,,12.61849500000244
telvsjfuohblsio4g1vjjrf8,2,16.7,,,,,,,,,1,4,4,5,i just found out which ones would pay the most and stuck with them throughout,,24.399475000042003
telvsjfuohblsio4g1vjjrf8,3,20.16,,,,,,,,,1,5,4,5,i tried each robot to see which ones were the +10 and -1 and once i figured that out i just kept hitting space when they came up,,38.62648499995703
tyritp9n7pxyn4jzal4fkb93,1,22.52,61,Female,,Not Hispanic or Latino,White,Yes,Very well,27.572179999995512,1,5,4,5,"Yes, but found out the strategy didn't work because it keeps changing ",No comment ,41.953645000001416
u1yahm3i373lvy46e68roh9k,1,23.83,25,Male,,Hispanic or Latino,Black or African American,Yes,Very well,9.770044999982929,1,4,4,5,no,Thanks for the HIT!,30.172829999995884
u1yahm3i373lvy46e68roh9k,2,17.41,,,,,,,,,1,5,4,5,remembered the correct symbols throughout,Thanks for the HIT!,30.968430000008084
u1yahm3i373lvy46e68roh9k,3,60.64,,,,,,,,,1,5,3,5,no,Thanks for the HIT!,16.669899999998975
ubbgbypw5bvfev15ma7swm4j,1,38.11,37,Male,,Not Hispanic or Latino,White,Yes,Very well,10.929,2,4,1,4,no,no,9.554
ubbgbypw5bvfev15ma7swm4j,2,40.83,,,,,,,,,1,4,1,5,no,no,9.411
ubbgbypw5bvfev15ma7swm4j,3,17.68,,,,,,,,,1,4,1,5,no,no,11.681000000000001
ul8vo5g8rz3r5jp5zbtpznof,1,24.57,45,Male,,Not Hispanic or Latino,White,Yes,Very well,21.55110999988392,1,5,5,5,concentrated and act according to the instructions,very interactive study,47.23643000004813
ul8vo5g8rz3r5jp5zbtpznof,2,26.42,,,,,,,,,1,5,5,5,I followed the instructions as expected ,Very interactive study ,82.9598649999972
ul8vo5g8rz3r5jp5zbtpznof,3,29.03,,,,,,,,,1,4,5,5,focused on the light and the signs ,very interactive and interesting study,47.396365000051446
um1mxzd3jsgdi3rt0574kybs,1,24.5,66,Male,,Not Hispanic or Latino,Asian,Yes,Very well,15.622590000042692,1,2,2,4,no strategy,,33.97798999992665
v32lbqm6bqaj6831d8tng6hn,1,21.59,35,Male,,Hispanic or Latino,Rather not say,Yes,Very well,19.6169949999894,1,5,5,5,No strategies. As soon as I identified the right symbols I knew which ones to press 'space' on. ,No other comments. ,40.46642499999143
v32lbqm6bqaj6831d8tng6hn,2,19.72,,,,,,,,,1,4,5,5,I wrote down two symbols in tests 3 and 4. ,"I started off poorly in my opinion. It took me a little time to ""get going"" so I think I did much better in 3 and 4.",86.75326999998651
v32lbqm6bqaj6831d8tng6hn,3,18.86,,,,,,,,,1,4,5,5,I wrote down the two symbols I needed to press space on.,"These are fun, I think I improved over last time. ",51.86521999997785
v6ag7qnuysho3wws8lnmg47r,1,23.28,35,Female,,Not Hispanic or Latino,Black or African American,Yes,Very well,28.13529999999446,1,4,4,4,I just tried to remember the symbol that would give the highest payout or the lowest loss and remember when I needed to press space.,The game froze for about 15 to 20 seconds towards the end of the second block. The rest of the game functioned as it was supposed to.,115.3156500000041
v6ag7qnuysho3wws8lnmg47r,2,19.21,,,,,,,,,1,5,4,5,"No, I didn't use any particular strategy. Just tried to remember the symbol that would maximize by gain and minimize my lose.",,72.00153500000108
v6ag7qnuysho3wws8lnmg47r,3,17.12,,,,,,,,,1,5,4,5,I just tried to focus on the symbols that would maximize my bonus and minimize my lost.,,49.06301499999245
v9k6n64hnw8hkg4cj1gi8b2p,1,23.57,25,Male,,Not Hispanic or Latino,Black or African American,Yes,Very well,11.507584999999265,2,4,5,5,no,no,16.015670000000625
v9k6n64hnw8hkg4cj1gi8b2p,2,36.83,,,,,,,,,1,5,5,5,no,no,28.605479999999517
v9k6n64hnw8hkg4cj1gi8b2p,3,20.36,,,,,,,,,1,5,5,5,no,no,19.7249599999995
va5umhs0pg7xiukmm90crtyj,1,22.87,28,Female,,Hispanic or Latino,White,Yes,Very well,23.190385000081733,1,4,5,5,no,nice one,21.959210000000894
vkkhzo5vo6hete7ff0czcb04,1,21.26,47,Other,anti-binary,Not Hispanic or Latino,White,Yes,Very well,28.003,1,4,4,5,Just pay attention to the symbols and bonus.,nope,35.809
vkkhzo5vo6hete7ff0czcb04,2,21.39,,,,,,,,,1,4,5,5,Just watch the symbols and ignore the light color and error rate. ,It was fun!,65.693
vkkhzo5vo6hete7ff0czcb04,3,23.11,,,,,,,,,2,4,5,5,"Try to intuit the overall pattern from the first few robots, ignore the aberrant scans, don't let them make me second-guess my conclusion.",This is a fun and relaxing task. I look forward to doing it again!,143.25300000000001
vlviswi01shek11svmj2n9sf,1,21.79,29,Male,,Not Hispanic or Latino,Black or African American,Yes,Very well,17.0250149999992,2,5,5,5,"not really, i just follow the protocol",great game,33.45811999999941
vunoao3ndpdppgruy4molrto,1,22.04,33,Male,,Not Hispanic or Latino,Black or African American,Yes,Very well,14.216359999962151,1,5,2,5,,,27.416564999963157
vwpb6kloy44staj1tnyrfbjk,1,36.12,41,Male,,Not Hispanic or Latino,Asian,Yes,Very well,10.011034999995958,1,4,5,5,no,,9.12554999999702
w4i3zftzk81kn6zqkd7jt2k7,1,21.82,42,Male,,Not Hispanic or Latino,White,Yes,Very well,14.744435000000522,1,4,4,5,I just associated what the symbols looked like with letters and by numerous trials associated the with press or not to press.,Very fun and interesting study.,101.76755499999878
w4i3zftzk81kn6zqkd7jt2k7,2,18.92,,,,,,,,,1,4,3,5,I just associated what the symbols looked like with letters and by numerous trials associated each with a positive response from pressing or not pressing.,Very fun and interesting study.,69.48204999999143
w4i3zftzk81kn6zqkd7jt2k7,3,17.79,,,,,,,,,1,4,3,5,I just associated what the symbols looked like with letters and by numerous trials associated each with a positive response from pressing or not pressing.,,36.28954500000016
w9eo0yzev6m4t90lvpo4okmt,1,28.55,45,Female,,Not Hispanic or Latino,Black or African American,Yes,Very well,19.198930000013206,1,3,3,4,no,no,29.374734999990324
wbzt9bh8zuien3221yh6rao0,1,22.41,41,Female,,Not Hispanic or Latino,White,Yes,Very well,10.334469999999973,1,5,4,5,memorization,n/a,19.94738499999931
wbzt9bh8zuien3221yh6rao0,2,22.27,,,,,,,,,1,4,4,5,memorization,n/a,15.414155000005849
wbzt9bh8zuien3221yh6rao0,3,16.64,,,,,,,,,1,4,4,5,memorization,n/a,12.693604999920353
wcl8t0q0vchm8ituba7c1ls5,1,21.04,33,Female,,Not Hispanic or Latino,White,Yes,Very well,18.682000000000002,1,2,4,4,I did not write anything down. My only strategy was figuring out how many symbols there were and which I perceived as right/wrong.,,73.789
wcl8t0q0vchm8ituba7c1ls5,2,31.0,,,,,,,,,1,4,4,5,I did not write anything down. My only strategy was figuring out how many symbols there were and which I perceived as right/wrong.,,26.893
wcl8t0q0vchm8ituba7c1ls5,3,17.29,,,,,,,,,1,2,3,5,I just memorized what symbols I thought were best to hit space on.,,40.89
wstj8ff7bh0vzer63dwmis3z,1,23.93,46,Male,,Hispanic or Latino,White,Yes,Very well,43.82115000009071,1,2,4,5,no strategies,its good,51.23526999994647
wzsrt9rz6ebtuf7xqlsmaha4,1,28.07,25,Male,,Not Hispanic or Latino,White,Yes,Very well,7.422665000000038,2,4,4,5,,,5.21418999999878
xb2gf4at9tcsmrsjjqubddrl,1,71.68,26,Male,,Not Hispanic or Latino,White,Yes,Very well,12.029009999997914,1,4,5,5,I focused on which symbols gave me +1 or +10,,28.516824999998324
xe4y3wjth90p0vfgki0beff4,1,18.7,57,Female,,Not Hispanic or Latino,White,Yes,Very well,18.908325000004144,1,4,4,5,no,none,16.442770000001417
xe4y3wjth90p0vfgki0beff4,2,17.88,,,,,,,,,1,4,4,5,no,none,12.384649999963585
xe4y3wjth90p0vfgki0beff4,3,18.49,,,,,,,,,1,4,4,5,no,none,20.06832000007853
xet0i5hcytbgz14tmtwlr9dy,1,20.25,43,Male,,Not Hispanic or Latino,White,Yes,Very well,17.115829999998677,1,3,4,5,Just tried to remember the robots,,32.04200499999919
xet0i5hcytbgz14tmtwlr9dy,2,17.62,,,,,,,,,1,3,4,5,I just tried to remember the robots,,24.20731500000693
xet0i5hcytbgz14tmtwlr9dy,3,15.72,,,,,,,,,1,3,4,5,I just tried to remember the robots,It went well.,16.33684499998344
xg2518nfozv44h2x9oibsayj,1,21.7,31,Male,,Not Hispanic or Latino,White,Yes,Very well,10.887989999959245,1,4,3,4,My only strategy was trying to remember which symbols correctly indicated a completed or incomplete robot.,,88.2978099999018
xg2518nfozv44h2x9oibsayj,2,21.91,,,,,,,,,2,4,3,5,"No, I did not use any specific strategy apart from keeping track in my head of which symbols corresponded with a likely to be completed versus incomplete robot.",,159.05155000000005
xg2518nfozv44h2x9oibsayj,3,17.67,,,,,,,,,1,4,3,5,"No, I did not use any specific strategies.",,37.36172000004444
xpmique3djjgli63fytwqxx0,1,18.92,30,Male,,Not Hispanic or Latino,White,Yes,Very well,7.969890000065789,1,3,2,4,"No, not really.",,12.48846000013873
xpmique3djjgli63fytwqxx0,2,37.54,,,,,,,,,1,3,2,4,"No, not really other than remembering which to press space on.",,22.045874999996276
xpmique3djjgli63fytwqxx0,3,42.92,,,,,,,,,1,4,2,5,"No, I did not.",,13.56449000001885
xvobs4rpjasm65b174jexrh6,1,19.82,28,Female,,Not Hispanic or Latino,White,Yes,Very well,16.374649999983376,1,2,4,5,no,,13.638764999981504
xvobs4rpjasm65b174jexrh6,2,17.36,,,,,,,,,2,4,4,4,no,,11.03767000004882
xvobs4rpjasm65b174jexrh6,3,18.26,,,,,,,,,2,2,4,4,no,,13.400529999999097
y6mtiyl0fovt18hy2cyjyhtf,1,22.83,34,Male,,Hispanic or Latino,White,Yes,Very well,12.994865000015125,1,5,5,5,just memorization,,20.855150000017602
y6mtiyl0fovt18hy2cyjyhtf,2,19.1,,,,,,,,,1,5,5,5,only memorization,,17.249895000015385
y6mtiyl0fovt18hy2cyjyhtf,3,19.33,,,,,,,,,1,5,5,5,only memorization,,18.965599999995902
yewselly2twm866hfeimbufp,1,20.07,33,Female,,Not Hispanic or Latino,Asian,Yes,Very well,18.08712999999989,1,3,4,5,I didn't write anything down. I tried to rely on my memory,,36.838669999997364
yewselly2twm866hfeimbufp,3,17.51,,,,,,,,,1,4,5,5,I didn't write anything down and just relied on my memory,none,36.33145499999961
yioiqliweevmi62w56el04vm,1,19.84,27,Male,,Hispanic or Latino,Rather not say,Yes,Very well,9.420895000003046,1,4,5,5,"I did not use any strategy at all, I tried my best to memorize the rules as they came.",no comments,28.04946999999811
yioiqliweevmi62w56el04vm,2,20.52,,,,,,,,,1,5,5,5,"I did not use any strategies, just my memorization skills",,29.02215000000433
yioiqliweevmi62w56el04vm,3,19.68,,,,,,,,,1,5,5,5,I only used my memorization of which robots were complete and which ones were incomplete to complete the task.,,36.244965000019874
yjj3v9gcp2jguget50879m0g,1,22.79,35,Female,,Not Hispanic or Latino,White,Yes,Very well,28.51996499998495,1,5,4,5,,,8.466699999989942
yynz7n0qxjkm01alpqutecfa,1,18.36,29,Female,,Not Hispanic or Latino,White,Yes,Very well,9.841000000000001,1,5,4,5,no,no,10.945
yynz7n0qxjkm01alpqutecfa,2,18.14,,,,,,,,,1,5,4,5,no,no,11.297590000001714
yynz7n0qxjkm01alpqutecfa,3,16.21,,,,,,,,,1,5,4,5,no,no,14.046000000000001
zfw3qz2zykuc3bgav1o9g1mv,1,25.31,40,Male,,Not Hispanic or Latino,White,Yes,Very well,9.675384999951348,1,4,4,5,no,,9.12538000009954
zjklcju9qpwp67b3ve3bixgp,1,23.56,41,Female,,Not Hispanic or Latino,White,Yes,Very well,16.28033000000869,1,5,5,5,I tried to only click when it would light up yellow to get more points.,Thank you for the fun survey!,42.34997999999905
zkvrjxd1s6y0lm29zrko2iab,1,21.89,25,Male,,Not Hispanic or Latino,White,Yes,Very well,11.155694999994244,1,4,4,4,,,4.090864999998128
zp309icv0mikrt590td60goa,1,22.12,22,Female,,Not Hispanic or Latino,White,Yes,Very well,17.38442000001669,1,2,5,5,"During the second round I decided to reject everything and memorize the shapes/color combinations that shouldn't have been rejected, then make changes based on that",,63.72550499998033
zp309icv0mikrt590td60goa,2,18.83,,,,,,,,,1,4,4,5,I rejected the first 4 robots of each batch to determine which I should have approved and remembered those symbols.,I am interested to know if the machine malfunctions in intervals.  I am attempting to track/remember the malfunctions but have not yet determined an obvious pattern.,89.21454500011168
zp309icv0mikrt590td60goa,3,17.93,,,,,,,,,1,4,4,5,I let the first 4 robots be rejected so I know which ones I should accept for the rest of the session.,,35.536805000156164
zs0ivt9u3ettlwl99p77nrl8,1,20.7,52,Female,,Not Hispanic or Latino,White,Yes,Very well,14.280249999836087,1,4,4,5,none,none,15.22410500003025
zs0ivt9u3ettlwl99p77nrl8,3,18.53,,,,,,,,,2,2,4,5,none,none,11.089625000007684
